Store,Date,ASIN,Revenue,Orders,Units,record_id_hint
Pawsionate,2026-10-01,B0HKYT42RM,217.8,5,5,recvw6HyF0jpNr
Pawsionate,2026-10-01,B0HL5JYSQR,212.82,5,5,recvw6HBl3nm1h
Pawsionate,2026-10-01,B0HKZ3KHG4,66.96,1,1,recvw1BBkl1KsI
Pawsionate,2026-10-01,B0GJ3JNRG5,31.93,1,1,recv5CpPZEFWuw
Pawsionate,2026-10-01,B0HJGPLBZK,29.95,1,1,recuSXBY6GR00Z
Pawsionate,2026-10-01,B0DXPCC98Y,28.98,1,1,recunnbxLMQMzi
Pawsionate,2026-10-01,B0HJ23N1M7,19.97,1,1,recvq9YMHqDe7Q
Pawsionate,2026-10-02,B0HL5JYSQR,79.93,1,2,recvw6HBl3nm1h
Pawsionate,2026-10-02,B0HJC4CLYC,61.95,1,1,recvuC16dwxWDL
Pawsionate,2026-10-02,B0HJ28QGL2,32.94,1,1,recvq9YGagFJry
Pawsionate,2026-10-02,B0HJ23N1M7,29.96,1,1,recvq9YMHqDe7Q
Pawsionate,2026-10-03,B0HL8V48RR,85.94,2,2,recvw6HBu1amWV
Pawsionate,2026-10-03,B0HJ2FZK2W,67.89,1,2,recvq4pgHgg9GO
Pawsionate,2026-10-03,B0FV89MKR5,51.93,1,2,recuWts1YZHI5a
Pawsionate,2026-10-03,B0HKYT42RM,42.96,1,1,recvw6HyF0jpNr
Pawsionate,2026-10-03,B0HL5JYSQR,42.96,1,1,recvw6HBl3nm1h
Pawsionate,2026-10-03,B0HLSLQY7J,29.98,1,1,recvw6HCgN3Efq
Pawsionate,2026-10-03,B0FXF786D1,29.96,1,1,recuYr3GKsun9Z
Pawsionate,2026-10-03,B0DXPCC98Y,28.98,1,1,recunnbxLMQMzi
Wrappiness,2026-10-01,B0HL5JYSJV,681.38,16,16,recvw6HBl3nm1h
Wrappiness,2026-10-01,B0HJ4KG7S9,623.14,9,9,recvtb0IKLYQ68
Wrappiness,2026-10-01,B0HKSLJF6T,512.66,10,11,recvw1BBkl1KsI
Wrappiness,2026-10-01,B0HKZ3FRJX,380.64,9,9,recvw6HyF0jpNr
Wrappiness,2026-10-01,B0HKJKVZSQ,326.47,9,11,recvvfHRkdUShr
Wrappiness,2026-10-01,B0HLCXGDCW,324.87,3,5,recvw6HyF0jpNr
Wrappiness,2026-10-01,B0HKVPX95N,308.79,6,6,recvw1BBkl1KsI
Wrappiness,2026-10-01,B0HFZMR5NY,305.63,1,12,recvsOUQKxE0bv
Wrappiness,2026-10-01,B0H6ZMZB47,254.72,6,6,recvnUFLIXbpJO
Wrappiness,2026-10-01,B0HG8XWZ3H,253.76,6,6,recvsNnLcl1kgk
Wrappiness,2026-10-01,B0HKRTCXL9,207.77,2,7,recvvx4XUAvQvn
Wrappiness,2026-10-01,B0HL38Z3RB,199.83,5,5,recvw6HBPezzmn
Wrappiness,2026-10-01,B0HFJWK8JM,193.45,1,3,recvqF8DQ1ZMtx
Wrappiness,2026-10-01,B0HFZNT9B9,176.72,4,6,recvnskqj75yXo
Wrappiness,2026-10-01,B0FVXSZZNJ,175.74,3,6,recuX8mRNSYXiL
Wrappiness,2026-10-01,B0HL3JJQBV,173.88,3,3,recvw6HBu1amWV
Wrappiness,2026-10-01,B0HFJ3HLL6,173.47,3,3,recuZ1sewpZGMr
Wrappiness,2026-10-01,B0HLD57PTF,165.89,4,4,recvw6HBl3nm1h
Wrappiness,2026-10-01,B0GQXJPFLK,160.75,5,5,recv4RM5dQq4in
Wrappiness,2026-10-01,B0HKVDGRX4,147.87,2,3,recvvWhr7CV4pu
Wrappiness,2026-10-01,B0F21188XN,146.88,3,3,recuD1qEVG5QtQ
Wrappiness,2026-10-01,B0H9LCBXM9,146.82,3,4,recvmYEvmpz7cR
Wrappiness,2026-10-01,B0H4F3CH6Z,135.82,3,3,recvkCUIFcck1G
Wrappiness,2026-10-01,B0HHQ9LF57,133.77,4,4,recvq9YGagFJry
Wrappiness,2026-10-01,B0G3VT9GH7,132.39,1,1,recuZ1sewpZGMr
Wrappiness,2026-10-01,B0HJQ1DG35,123.4,2,2,recvuC16dwxWDL
Wrappiness,2026-10-01,B0H8TL2968,119.82,3,3,recvoAdKPvGMeA
Wrappiness,2026-10-01,B0HJ86NWH8,118.86,3,4,recvqWsngBwFzd
Wrappiness,2026-10-01,B0HJ5D756P,116.85,3,3,recvuiVbp7CvJ8
Wrappiness,2026-10-01,B0HHRDRQTF,115.88,3,3,recvs2y99fznJf
Wrappiness,2026-10-01,B0HFJS5JXH,115.84,2,2,recv1EUjqPJRRZ
Wrappiness,2026-10-01,B0HKYYYXQC,101.95,2,2,recvw1BBkl1KsI
Wrappiness,2026-10-01,B0H9XNM4ML,99.88,2,3,recvoEy9PwUSDB
Wrappiness,2026-10-01,B0FHGPKLLJ,99.83,3,3,recuPXCGKZbnhb
Wrappiness,2026-10-01,B0HKJ8VLQ4,98.87,1,3,recvsNvDHCI3Hr
Wrappiness,2026-10-01,B0H2DQNK1K,95.9,2,2,recvjmNBDmRFjF
Wrappiness,2026-10-01,B0HK844K73,92.87,1,3,recvvn8IB7d9X5
Wrappiness,2026-10-01,B0GC3DB28G,92.82,3,3,recv4LehenhWLD
Wrappiness,2026-10-01,B0F6N25S8H,90.91,2,2,recuIYpJDg08tc
Wrappiness,2026-10-01,B0HKNLXB6R,89.87,1,3,recvvOuU6331g4
Wrappiness,2026-10-01,B0GTQHXKMS,88.87,2,2,recveGt7nGiPo9
Wrappiness,2026-10-01,B0FXLF95JW,85.96,1,1,recuUc8cuaRcnU
Wrappiness,2026-10-01,B0HJYRY1T6,84.87,1,4,recvto9Ko1OFoH
Wrappiness,2026-10-01,B0HLP33WBT,84.83,1,1,recvvx4XUAvQvn
Wrappiness,2026-10-01,B0HF88M18Y,81.88,2,2,recvseGWMKOV2V
Wrappiness,2026-10-01,B0HKNBSHX6,80.95,1,1,recvvlg4m6IO4c
Wrappiness,2026-10-01,B0GF26VYZ3,79.94,2,2,recv5IAJh28dKA
Wrappiness,2026-10-01,B0G8Y6LR3N,79.91,1,2,recuUWo8EZ60YM
Wrappiness,2026-10-01,B0HJQWKHJ2,79.91,2,3,recvtmnTidS9C1
Wrappiness,2026-10-01,B0G4CGGVG9,75.92,1,1,recv3qLirFnLFe
Wrappiness,2026-10-01,B0HBQDG5HC,75.91,1,2,recvocFzDMdwB7
Wrappiness,2026-10-01,B0HFW9DFW6,75.9,2,2,recvsDTHFvy7wf
Wrappiness,2026-10-01,B0HGF4GGB9,71.91,2,3,recvsP6GUr34DT
Wrappiness,2026-10-01,B0HJTHJCMQ,71.88,2,2,recvueOUJFggAx
Wrappiness,2026-10-01,B0HKHP279C,71.87,1,3,recveGt7nGiPo9
Wrappiness,2026-10-01,B0G1SNBV5K,69.94,1,1,recv1EUjqPJRRZ
Wrappiness,2026-10-01,B0FZQ7LFQR,68.94,1,1,recv0x7wfvGiNq
Wrappiness,2026-10-01,B0FDWF2HLT,66.96,1,1,recuKnoQWUyrWT
Wrappiness,2026-10-01,B0HHN3XTQD,66.89,2,2,recvqDJVQiAyzi
Wrappiness,2026-10-01,B0HJR9J76R,66.88,2,2,recvcdat6lkqFm
Wrappiness,2026-10-01,B0HCYQHZGS,65.89,1,2,recvqDJVQiAyzi
Wrappiness,2026-10-01,B0HJ7W5PCL,62.93,1,1,recvtb0I1UwkBU
Wrappiness,2026-10-01,B0HKN7V3M3,62.93,1,3,recv6V5fbFkF6o
Wrappiness,2026-10-01,B0HHMC63LV,61.92,2,2,recvs4NGxbjKrA
Wrappiness,2026-10-01,B0HJC6ZVTX,61.45,1,1,recvuC16dwxWDL
Wrappiness,2026-10-01,B0HJ81WLGJ,60.95,1,1,recvtb0ICCxz1a
Wrappiness,2026-10-01,B0HFJDZFRW,59.9,2,2,recvm24hQMUdfx
Wrappiness,2026-10-01,B0HJ7BFHBJ,57.92,1,1,recvtb0IKLYQ68
Wrappiness,2026-10-01,B0DLJV7VG9,56.94,1,1,recurlHfrPhxPw
Wrappiness,2026-10-01,B0FRLX5VJK,56.94,1,1,recuVJaIsJfzIs
Wrappiness,2026-10-01,B0G587KJK7,56.93,1,1,recv2ohvkNl4G6
Wrappiness,2026-10-01,B0HHMPJT83,53.95,1,2,recvrSxLOnCSYI
Wrappiness,2026-10-01,B0HKS26S82,53.93,1,2,recvuAS8pcGDDt
Wrappiness,2026-10-01,B0GVJP227D,53.89,1,2,recve5zbkzjeun
Wrappiness,2026-10-01,B0HKJ26BLM,53.89,1,2,recvvgYzpdftoc
Wrappiness,2026-10-01,B0GS5FQCT5,51.95,1,1,recvciwFyQe8ii
Wrappiness,2026-10-01,B0H9L4VG1N,51.95,1,1,recvmYEvmpz7cR
Wrappiness,2026-10-01,B0FXWZY2ND,51.87,1,2,recuOiPKe54aWS
Wrappiness,2026-10-01,B0HBPNP5W4,50.95,1,1,recvpSgebUlmY0
Wrappiness,2026-10-01,B0H5HK5K2K,50.94,1,1,recvkCUIFcck1G
Wrappiness,2026-10-01,B0FFLT62LH,49.96,1,1,recuHLibeuQHUs
Wrappiness,2026-10-01,B0H86ZV6PQ,47.93,1,2,recvmdUzBqiV7A
Wrappiness,2026-10-01,B0HKJ4TJVD,46.96,1,1,recuVSSP6Z5nEn
Wrappiness,2026-10-01,B0H6F2YC6S,46.92,1,1,recvmSIhWTG41P
Wrappiness,2026-10-01,B0HLCZHZSD,45.96,1,1,recvw6HBu1amWV
Wrappiness,2026-10-01,B0HC22XGV8,45.95,1,1,recvpYQTLA2w3j
Wrappiness,2026-10-01,B0HLB29KK7,44.95,1,1,recvuRZddTJiD5
Wrappiness,2026-10-01,B0GZNPH1WQ,40.96,1,1,recvhlIS75Q7K8
Wrappiness,2026-10-01,B0HHRMYSNH,40.96,1,1,recvoJQMEYrHCR
Wrappiness,2026-10-01,B0HLD5QS86,40.96,1,1,recvwqZNMkgg9n
Wrappiness,2026-10-01,B0FZQC3JXF,40.95,1,1,recv0x7wfvGiNq
Wrappiness,2026-10-01,B0FJ1MTH74,40.93,1,1,
Wrappiness,2026-10-01,B0F5VNCRYY,40.46,1,1,recuHhir6BV5vM
Wrappiness,2026-10-01,B0F6529KHF,39.97,1,1,recuCZzTS6vcHV
Wrappiness,2026-10-01,B0F6MHW5BB,39.97,1,1,recuIYuqgfr4rQ
Wrappiness,2026-10-01,B0FRLTHDNK,39.97,1,1,recuWV0e0O1wNS
Wrappiness,2026-10-01,B0HHN27VVY,39.95,1,1,recvsP3So1Dv4H
Wrappiness,2026-10-01,B0G4LG9XHM,38.96,1,1,recv3xco1azZj5
Wrappiness,2026-10-01,B0HKSTFYXJ,38.95,1,1,recvvx4XUAvQvn
Wrappiness,2026-10-01,B0H2DKV9DX,37.95,1,1,recviOmGOwCvGD
Wrappiness,2026-10-01,B0DYT3B4ST,37.94,1,1,recuBTIDvLS7rg
Wrappiness,2026-10-01,B0H7WZKBS1,37.94,1,1,recvo5j8G1JKmq
Wrappiness,2026-10-01,B0H9KMRC3K,36.95,1,1,recvoLph7X7tEt
Wrappiness,2026-10-01,B0FLJ2RBH3,36.94,1,1,recugN3ng42J14
Wrappiness,2026-10-01,B0GL8628KM,36.94,1,1,recv8fryZD6pb6
Wrappiness,2026-10-01,B0HF4P1GZ2,35.95,1,2,recuX8mRNSYXiL
Wrappiness,2026-10-01,B0H93ZH2NW,35.93,1,1,recv7pWzugYKDs
Wrappiness,2026-10-01,B0G4CFTKBZ,34.97,1,1,recv3qSk9EI2F7
Wrappiness,2026-10-01,B0F1SNZRSG,34.96,1,1,recuE034lsn8og
Wrappiness,2026-10-01,B0GZVD8YJZ,34.94,1,1,recuPXCGKZbnhb
Wrappiness,2026-10-01,B0H35N6VM1,34.94,1,1,recv4LehenhWLD
Wrappiness,2026-10-01,B0GXJ4YWPN,34.44,1,1,recveoc7Z95hsl
Wrappiness,2026-10-01,B0HJCMX16M,33.96,1,1,recvudg0uDgN42
Wrappiness,2026-10-01,B0HKNGQJQW,33.96,1,1,recvu8Nv6H7B5w
Wrappiness,2026-10-01,B0HFN95DZ5,33.95,1,1,recvrjJAoohv3i
Wrappiness,2026-10-01,B0HGKLV9L5,33.94,1,1,recutwoHqqKHKV
Wrappiness,2026-10-01,B0DJSP3FHY,33.92,1,1,recuq1I8Qjemec
Wrappiness,2026-10-01,B0GG9QBV21,33.14,1,1,recv7u9kFwndNs
Wrappiness,2026-10-01,B0GT7VQHDR,32.96,1,1,recvcLPk4te3Vv
Wrappiness,2026-10-01,B0HFJJ5DRY,32.91,1,1,recv2k6TXPS5Hm
Wrappiness,2026-10-01,B0HGKL15XY,31.97,1,1,recvseXflRsncl
Wrappiness,2026-10-01,B0HG93KFT1,31.96,1,1,recvdkouEKevnG
Wrappiness,2026-10-01,B0HGLM95X7,31.96,1,1,recvsOfOGWcSWS
Wrappiness,2026-10-01,B0HK47R32Z,31.96,1,1,recvsOfOGWcSWS
Wrappiness,2026-10-01,B0G2RWV7L2,31.95,1,1,recv0pI2CT0N3S
Wrappiness,2026-10-01,B0HL7XTMZX,31.95,1,1,recvvWoGHDAG6L
Wrappiness,2026-10-01,B0H9YCP8R8,31.94,1,1,recvpTGGAYe63O
Wrappiness,2026-10-01,B0HJTXL2C4,31.94,1,1,recvtzBGfMM8Oe
Wrappiness,2026-10-01,B0FB3DNMZ1,30.96,1,1,recuKXNmDXfnzs
Wrappiness,2026-10-01,B0HJZBRZVM,30.94,1,1,recvcdat6lkqFm
Wrappiness,2026-10-01,B0H82Y9RL2,30.45,1,1,recvnskqj75yXo
Wrappiness,2026-10-01,B0DP23NTWC,29.97,1,1,recutMe3Cijdzw
Wrappiness,2026-10-01,B0GVJJWR6G,29.96,1,1,recve5nfEoCXAx
Wrappiness,2026-10-01,B0HKRJHH4V,29.95,1,1,recvvOxcMZvGIp
Wrappiness,2026-10-01,B0GS5FVHCS,29.94,1,1,recvcLv1tOtmy1
Wrappiness,2026-10-01,B0HJQQ3W5J,29.94,1,1,recvuAxZ5iJYlP
Wrappiness,2026-10-01,B0FXMD9MBZ,28.96,1,1,recv0dAubMrIoy
Wrappiness,2026-10-01,B0HJYP44ZP,27.97,1,1,recvudg4HewRaA
Wrappiness,2026-10-01,B0HL8KR2S8,27.96,1,1,recvvgNyVQdKex
Wrappiness,2026-10-01,B0FVXT4QK7,26.95,1,1,recuX8mRNSYXiL
Wrappiness,2026-10-01,B0F8B1DD4G,25.97,1,1,
Wrappiness,2026-10-01,B0GLFWBH2W,25.96,1,1,recv7oNkBHLzxO
Wrappiness,2026-10-01,B0HFJ9D3MD,25.96,1,1,recvq5U4Bc6Jb7
Wrappiness,2026-10-01,B0HFJ61TR1,25.92,1,1,recv2k6TXPS5Hm
Wrappiness,2026-10-01,B0HFVYBHQS,25.92,1,1,recvsfVwn7VMCz
Wrappiness,2026-10-01,B0HCTGYMRF,25.44,1,1,recvqUH5r2RDqo
Wrappiness,2026-10-01,B0FNRD8NJC,24.97,1,1,recutjFFNoyLNH
Wrappiness,2026-10-01,B0GVGZHZLB,24.97,1,1,recvds5RceDtrR
Wrappiness,2026-10-01,B0HJW1Z155,24.96,1,1,recvv9p3bqZfON
Wrappiness,2026-10-01,B0FZKPX9WC,23.14,1,1,recv10h15uv0yd
Wrappiness,2026-10-01,B0HL8D36BH,22.98,1,1,recvw6HCgN3Efq
Wrappiness,2026-10-01,B0FWK6GTKN,22.97,1,1,recuYxLXOqU85f
Wrappiness,2026-10-01,B0FTLZWBSY,21.98,1,1,recuWts1YZHI5a
Wrappiness,2026-10-01,B0HGQY55LT,21.46,1,1,recuX8mRNSYXiL
Wrappiness,2026-10-01,B0FY6JMCBC,20.97,1,1,recv0OM2tfShBS
Wrappiness,2026-10-01,B0F1XPZ1JX,17.99,1,1,recuFKTU8Uuy44
Wrappiness,2026-10-01,B0FLJZPY4M,14.49,1,1,recuSedBOLTZ7X
Wrappiness,2026-10-01,B0FLK4QFBB,13.99,1,1,recuSerH6fO4nU
Wrappiness,2026-10-01,B0FTS3MFKV,12.99,1,1,recuXGpigUp5SI
Wrappiness,2026-10-01,B0FLQ3SLZ4,11.95,1,1,recuScIj8bdUtT
Wrappiness,2026-10-02,B0HL5JYSJV,583.47,11,14,recvw6HBl3nm1h
Wrappiness,2026-10-02,B0HL3JJQBV,400.28,7,7,recvw6HBu1amWV
Wrappiness,2026-10-02,B0HLD57PTF,393.78,8,10,recvw6HBl3nm1h
Wrappiness,2026-10-02,B0HKRTCXL9,329.34,4,4,recvvx4XUAvQvn
Wrappiness,2026-10-02,B0HJ86NWH8,302.65,6,10,recvqWsngBwFzd
Wrappiness,2026-10-02,B0HKSTFYXJ,296.2,3,3,recvvx4XUAvQvn
Wrappiness,2026-10-02,B0H6ZMZB47,290.68,7,7,recvnUFLIXbpJO
Wrappiness,2026-10-02,B0HLP33WBT,264.26,4,7,recvvx4XUAvQvn
Wrappiness,2026-10-02,B0HG59QQM5,248.61,3,9,recvsNvDHCI3Hr
Wrappiness,2026-10-02,B0H8N43KLN,227.71,2,8,recv3ITUVfiyyu
Wrappiness,2026-10-02,B0HLRWL9ZS,218.12,3,4,recvw1BBkl1KsI
Wrappiness,2026-10-02,B0HJ1XKLGN,204.8,5,5,recvs2y8kFCtBl
Wrappiness,2026-10-02,B0HB8RTRBH,199.75,2,6,recvpjEFHirTj4
Wrappiness,2026-10-02,B0H9LCBXM9,193.8,4,4,recvmYEvmpz7cR
Wrappiness,2026-10-02,B0HKVXDL8G,182.75,1,6,recv3amOdZN1NQ
Wrappiness,2026-10-02,B0HHQ9LF57,164.72,5,5,recvq9YGagFJry
Wrappiness,2026-10-02,B0GQXJPFLK,160.76,4,5,recv4RM5dQq4in
Wrappiness,2026-10-02,B0HGX3DC5X,144.82,3,3,recvtcMX6ykL4A
Wrappiness,2026-10-02,B0HJ4KG7S9,143.82,2,2,recvtb0IKLYQ68
Wrappiness,2026-10-02,B0HJPSLJCP,135.75,3,4,recvqF8DQ1ZMtx
Wrappiness,2026-10-02,B0H8MM9XTM,132.85,3,3,recvnUFLIXbpJO
Wrappiness,2026-10-02,B0HKVDGRX4,130.88,3,3,recvvWhr7CV4pu
Wrappiness,2026-10-02,B0H2DQNK1K,129.86,2,3,recvjmNBDmRFjF
Wrappiness,2026-10-02,B0HFSCPCQV,125.87,1,4,recurwyIMsrgee
Wrappiness,2026-10-02,B0GTQHXKMS,125.81,3,3,recveGt7nGiPo9
Wrappiness,2026-10-02,B0HLCXGDCW,118.42,3,3,recvw6HyF0jpNr
Wrappiness,2026-10-02,B0G8Y6LR3N,115.85,2,3,recuUWo8EZ60YM
Wrappiness,2026-10-02,B0HK81V1FF,114.79,1,5,recvuTJrQNym9l
Wrappiness,2026-10-02,B0HDRTRZGC,111.67,2,2,recv28N2wHbwKg
Wrappiness,2026-10-02,B0HJCJXBLD,110.88,1,3,recuQZhy55X8CH
Wrappiness,2026-10-02,B0HJC7H8TF,110.86,2,2,recvuH7BpfK8xa
Wrappiness,2026-10-02,B0FVXVMY34,106.83,2,3,recuX8mRNSYXiL
Wrappiness,2026-10-02,B0DLJQX7KS,103.21,2,3,recurlHfrPhxPw
Wrappiness,2026-10-02,B0HKJF9QJF,101.9,1,3,recvvr6I4ZTzFU
Wrappiness,2026-10-02,B0H8NL8R1C,101.84,1,3,recvo5j8G1JKmq
Wrappiness,2026-10-02,B0HL38Z3RB,95.94,2,2,recvw6HBPezzmn
Wrappiness,2026-10-02,B0GHLSSKW6,95.87,3,3,recv7oB50rG0x6
Wrappiness,2026-10-02,B0H4F3CH6Z,93.88,2,2,recvkCUIFcck1G
Wrappiness,2026-10-02,B0HG8XWZ3H,92.92,2,2,recvsNnLcl1kgk
Wrappiness,2026-10-02,B0HK844K73,92.87,1,3,recvvn8IB7d9X5
Wrappiness,2026-10-02,B0HLCZHZSD,91.92,2,2,recvw6HBu1amWV
Wrappiness,2026-10-02,B0HJQWKHJ2,90.9,2,3,recvtmnTidS9C1
Wrappiness,2026-10-02,B0DQG3S72C,89.85,3,3,recutMElzifnoE
Wrappiness,2026-10-02,B0HKJKVZSQ,86.86,3,3,recvvfHRkdUShr
Wrappiness,2026-10-02,B0H9YCP8R8,86.82,3,3,recvpTGGAYe63O
Wrappiness,2026-10-02,B0FVXT37SR,85.92,1,1,recuX8mRNSYXiL
Wrappiness,2026-10-02,B0HKVN4QGW,84.94,1,1,recvvb7DpwVE8O
Wrappiness,2026-10-02,B0HJYRY1T6,84.89,1,5,recvto9Ko1OFoH
Wrappiness,2026-10-02,B0HLSHBQQD,83.94,2,2,recvw6HBu1amWV
Wrappiness,2026-10-02,B0HGWK6FXB,82.91,1,2,recvti1DKOxzbP
Wrappiness,2026-10-02,B0GZSQ4182,82.9,2,2,recvgDBXmaApOs
Wrappiness,2026-10-02,B0HFJS5JXH,82.36,2,3,recv1EUjqPJRRZ
Wrappiness,2026-10-02,B0H5QL4HHR,75.9,2,2,recvlt587ANi8f
Wrappiness,2026-10-02,B0GSW3P5XH,73.91,1,2,recv6KIlQHqe1f
Wrappiness,2026-10-02,B0F1XPZ1JX,71.96,4,4,recuFKTU8Uuy44
Wrappiness,2026-10-02,B0H82Y9RL2,70.4,1,3,recvnskqj75yXo
Wrappiness,2026-10-02,B0HFW9DFW6,67.91,2,2,recvsDTHFvy7wf
Wrappiness,2026-10-02,B0HJTHJCMQ,66.89,2,2,recvueOUJFggAx
Wrappiness,2026-10-02,B0HGFMMSV1,65.91,1,2,recvqKnaHYr7Fl
Wrappiness,2026-10-02,B0HJ7W5PCL,62.93,1,1,recvtb0I1UwkBU
Wrappiness,2026-10-02,B0HJ7ZT9S9,61.96,1,1,recvudU6V2ZdQI
Wrappiness,2026-10-02,B0GL8628KM,61.9,2,2,recv8fryZD6pb6
Wrappiness,2026-10-02,B0GC3DB28G,61.88,2,2,recv4LehenhWLD
Wrappiness,2026-10-02,B0HJPZSKTD,60.94,1,1,recvuH7BpfK8xa
Wrappiness,2026-10-02,B0HHN8DKKK,59.94,1,1,recvtb0HyimbLV
Wrappiness,2026-10-02,B0FN7CVCSQ,59.92,2,2,recuTOkyVQDFLG
Wrappiness,2026-10-02,B0GQSMP373,59.92,2,2,recvaObWCfIWlg
Wrappiness,2026-10-02,B0FX2C1K8F,58.93,2,2,recurUHJByrGYH
Wrappiness,2026-10-02,B0G4CGFWM8,57.56,2,3,recv3qLirFnLFe
Wrappiness,2026-10-02,B0FZQ7LFQR,56.91,1,4,recv0x7wfvGiNq
Wrappiness,2026-10-02,B0FVWYMYTG,53.95,1,2,recuZ5Nq3iUpRR
Wrappiness,2026-10-02,B0GS5FQCT5,51.95,1,1,recvciwFyQe8ii
Wrappiness,2026-10-02,B0HJQ41Y29,50.94,1,1,recvuH7BpfK8xa
Wrappiness,2026-10-02,B0HFZNT9B9,50.93,1,2,recvnskqj75yXo
Wrappiness,2026-10-02,B0H6Z6FSQW,49.96,1,1,recvnDVoGHGySm
Wrappiness,2026-10-02,B0FNWLZ46G,48.94,1,1,recuSjhTC2AGRu
Wrappiness,2026-10-02,B0HF4TY2TY,47.95,1,1,recvpwrhp0odla
Wrappiness,2026-10-02,B0GFDDW5WJ,46.97,1,1,recv4QJ8NOtkm4
Wrappiness,2026-10-02,B0HCB48GW4,46.91,1,1,recvq9QV9sAO15
Wrappiness,2026-10-02,B0HK3K2WH1,46.91,1,2,recvvmN5hgGraG
Wrappiness,2026-10-02,B0FYPWLMM1,45.96,1,1,recv09wl3q4hzu
Wrappiness,2026-10-02,B0H7M8JW92,43.94,1,1,recvmjZj1sPm8g
Wrappiness,2026-10-02,B0HFVQWK2H,42.93,1,1,recvpYMb7MxXo1
Wrappiness,2026-10-02,B0FLK4QFBB,41.97,3,3,recuSerH6fO4nU
Wrappiness,2026-10-02,B0GKDZZC6M,40.96,1,1,recv8ft8f0LY7K
Wrappiness,2026-10-02,B0HBQJRGYF,40.95,1,1,recvocFFdKDllH
Wrappiness,2026-10-02,B0HB9VFCYG,40.93,1,1,recvdC7av8GN0N
Wrappiness,2026-10-02,B0HFJY4P9Q,40.92,1,1,recvswkUT4o1sI
Wrappiness,2026-10-02,B0HL2T3T5R,39.98,1,1,recvw6HCgN3Efq
Wrappiness,2026-10-02,B0HFZM3RJJ,39.96,1,1,recvrcpz4VWtrb
Wrappiness,2026-10-02,B0HJW9GPVJ,39.96,1,1,recvuiVoFbdJlG
Wrappiness,2026-10-02,B0H8TL2968,39.94,1,1,recvoAdKPvGMeA
Wrappiness,2026-10-02,B0HDPFGLTQ,38.95,1,1,recvre63G7F6Bd
Wrappiness,2026-10-02,B0HB9VYT46,38.93,1,1,recuRJqJW7fE2d
Wrappiness,2026-10-02,B0DKMT5HZQ,37.97,1,2,recurBPyDwI3Rs
Wrappiness,2026-10-02,B0H8RKX3FQ,37.96,1,1,recvo0ZmAOJPBO
Wrappiness,2026-10-02,B0HHRDRQTF,37.96,1,1,recvs2y99fznJf
Wrappiness,2026-10-02,B0HC38MLPQ,37.95,1,1,recvq5PpZBxyHX
Wrappiness,2026-10-02,B0DYT3B4ST,37.94,1,1,recuBTIDvLS7rg
Wrappiness,2026-10-02,B0H7WZKBS1,37.94,1,1,recvo5j8G1JKmq
Wrappiness,2026-10-02,B0HHMYQNPH,37.45,1,1,recvs2yab0glZz
Wrappiness,2026-10-02,B0F6MHW5BB,36.98,1,1,recuIYuqgfr4rQ
Wrappiness,2026-10-02,B0GHXZNZ8C,36.97,1,1,recuGJkC0xE8qc
Wrappiness,2026-10-02,B0FL5WT3XZ,36.95,1,1,recuPcbaaT5RlK
Wrappiness,2026-10-02,B0H9KMRC3K,36.95,1,1,recvoLph7X7tEt
Wrappiness,2026-10-02,B0HGLGL3G7,35.96,1,1,recv1yl2TT6XrY
Wrappiness,2026-10-02,B0H2DKV9DX,35.95,1,1,recviOmGOwCvGD
Wrappiness,2026-10-02,B0HG9P426S,35.94,1,1,recv4RM5dQq4in
Wrappiness,2026-10-02,B0HHMPW57X,35.94,1,1,recvqDJVQiAyzi
Wrappiness,2026-10-02,B0HHN3XTQD,35.94,1,1,recvqDJVQiAyzi
Wrappiness,2026-10-02,B0HJWJZVQV,35.94,1,1,recvuJEx1V407y
Wrappiness,2026-10-02,B0HJZBRZVM,35.94,1,1,recvcdat6lkqFm
Wrappiness,2026-10-02,B0GX3948C4,35.86,1,1,recvdxI8OSyi8h
Wrappiness,2026-10-02,B0HK47R32Z,34.96,1,1,recvsOfOGWcSWS
Wrappiness,2026-10-02,B0GZV6GKGH,34.94,1,1,recuPXCGKZbnhb
Wrappiness,2026-10-02,B0H93SV7CY,34.46,1,1,recvoX9nRCXSiY
Wrappiness,2026-10-02,B0F21188XN,33.97,1,1,recuD1qEVG5QtQ
Wrappiness,2026-10-02,B0HGM2CY1V,33.96,1,1,recvtbzY84lpwe
Wrappiness,2026-10-02,B0HJYP44ZP,33.96,1,1,recvudg4HewRaA
Wrappiness,2026-10-02,B0HKJ66J69,33.95,1,1,recv786YLBpSvp
Wrappiness,2026-10-02,B0FHGPKLLJ,33.94,1,1,recuPXCGKZbnhb
Wrappiness,2026-10-02,B0H5C6QV2Z,33.94,1,1,recvkSBZMQy04T
Wrappiness,2026-10-02,B0G3ND9RMK,33.92,1,1,recv2k6TXPS5Hm
Wrappiness,2026-10-02,B0GGX3P94R,33.92,1,1,recv7oB50rG0x6
Wrappiness,2026-10-02,B0GJZGXKHV,32.96,1,1,recv7G8T9cApRr
Wrappiness,2026-10-02,B0HF7VQVYY,32.96,1,1,recvqKn8fvlbBq
Wrappiness,2026-10-02,B0HFSBJBC6,32.95,1,1,recvpSZlrGSuvq
Wrappiness,2026-10-02,B0HGKL15XY,31.97,1,1,recvseXflRsncl
Wrappiness,2026-10-02,B0HFHDSY13,31.96,1,1,recvkH5XjISPO1
Wrappiness,2026-10-02,B0HFJSX2HC,31.95,1,1,recvkH5XjISPO1
Wrappiness,2026-10-02,B0HJGM28NM,31.95,1,1,recvuBQmhQyMTu
Wrappiness,2026-10-02,B0HFJWK8JM,31.84,1,1,recvqF8DQ1ZMtx
Wrappiness,2026-10-02,B0H253TP9G,31.47,1,1,recvjEaFMAFYPs
Wrappiness,2026-10-02,B0HHN27VVY,30.96,1,1,recvsP3So1Dv4H
Wrappiness,2026-10-02,B0HJ1HP9SQ,30.96,1,1,recvs4NGxbjKrA
Wrappiness,2026-10-02,B0HFVYBHQS,30.92,1,1,recvsfVwn7VMCz
Wrappiness,2026-10-02,B0FCXCLR7X,29.97,1,1,recuMtqmcrX10m
Wrappiness,2026-10-02,B0FDFSDC79,29.97,1,1,recuyuIMAkL7KG
Wrappiness,2026-10-02,B0FB8LSVZ1,29.96,1,1,recuLYQAks1szH
Wrappiness,2026-10-02,B0HFMM7GQZ,29.96,1,1,recuQlf0r5oprr
Wrappiness,2026-10-02,B0HK3J8WBV,29.95,1,1,recvtzEusb0DEc
Wrappiness,2026-10-02,B0GTM91WRX,28.96,1,1,recvcoLzRhLZle
Wrappiness,2026-10-02,B0HFN95DZ5,28.96,1,1,recvrjJAoohv3i
Wrappiness,2026-10-02,B0HGLM95X7,28.96,1,1,recvsOfOGWcSWS
Wrappiness,2026-10-02,B0FXWZY2ND,28.93,1,1,recuOiPKe54aWS
Wrappiness,2026-10-02,B0HGQ9DFWK,27.97,1,1,recvtgY7091bRI
Wrappiness,2026-10-02,B0HFZQD86Q,27.96,1,1,recvsIO1GtDcEo
Wrappiness,2026-10-02,B0HJR9J76R,27.95,1,1,recvcdat6lkqFm
Wrappiness,2026-10-02,B0HFWYL2FL,26.96,1,1,recvoKieDfK2cy
Wrappiness,2026-10-02,B0HKS26S82,26.96,1,1,recvuAS8pcGDDt
Wrappiness,2026-10-02,B0HL7XTMZX,26.95,1,1,recvvWoGHDAG6L
Wrappiness,2026-10-02,B0FXMF6WSR,25.97,1,1,recv0dAuSqUDgF
Wrappiness,2026-10-02,B0DNQ88BHM,25.96,1,1,recuurVddwdVbG
Wrappiness,2026-10-02,B0HJ8DHGSN,25.96,1,1,recvsHLUvc2bUM
Wrappiness,2026-10-02,B0HKJL66P6,25.95,1,1,recvtocU0Om5Fz
Wrappiness,2026-10-02,B0HFJ3HLL6,24.95,1,1,recuZ1sewpZGMr
Wrappiness,2026-10-02,B0HKJLLFFT,24.95,1,1,recvvfyIJ3zgmA
Wrappiness,2026-10-02,B0FLDGVV5H,23.97,1,1,recuSpN9YbQZm5
Wrappiness,2026-10-02,B0HGL4X44M,23.97,1,1,recuXMdqGENu0c
Wrappiness,2026-10-02,B0HKJKTL3N,22.97,1,1,recvuO4PvBGvjD
Wrappiness,2026-10-02,B0G2L8C3GM,22.96,1,1,recuvtVhMcCJay
Wrappiness,2026-10-02,B0HKJGW3D7,20.46,1,1,recvv9NpnJka9w
Wrappiness,2026-10-02,B0HKHQRNSQ,18.47,1,1,recvvleNMB8cgL
Wrappiness,2026-10-02,B0FZQC3JXF,17.97,1,1,recv0x7wfvGiNq
Wrappiness,2026-10-02,B0FLQ8YNM4,8.95,1,1,recuSedFFwVH0T
Wrappiness,2026-10-03,B0HL5JYSJV,1056.08,19,26,recvw6HBl3nm1h
Wrappiness,2026-10-03,B0HLD57PTF,673.85,10,14,recvw6HBl3nm1h
Wrappiness,2026-10-03,B0HKZ3FRJX,544.54,9,14,recvw6HyF0jpNr
Wrappiness,2026-10-03,B0HL3JJQBV,539.65,12,13,recvw6HBu1amWV
Wrappiness,2026-10-03,B0HJ4KG7S9,522.34,7,7,recvtb0IKLYQ68
Wrappiness,2026-10-03,B0HLPL4FRD,482.77,5,9,recvvx4XUAvQvn
Wrappiness,2026-10-03,B0H6ZMZB47,468.51,10,10,recvnUFLIXbpJO
Wrappiness,2026-10-03,B0HKSTFYXJ,458.5,5,7,recvvx4XUAvQvn
Wrappiness,2026-10-03,B0HLP33WBT,377.39,4,4,recvvx4XUAvQvn
Wrappiness,2026-10-03,B0HJ7BFHBJ,291.07,4,4,recvtb0IKLYQ68
Wrappiness,2026-10-03,B0HKVDGRX4,274.74,6,6,recvvWhr7CV4pu
Wrappiness,2026-10-03,B0HKJKVZSQ,263.55,9,9,recvvfHRkdUShr
Wrappiness,2026-10-03,B0FVXVMY34,255.65,2,4,recuX8mRNSYXiL
Wrappiness,2026-10-03,B0HJ5D756P,240.7,3,7,recvuiVbp7CvJ8
Wrappiness,2026-10-03,B0GC3DB28G,222.58,6,8,recv4LehenhWLD
Wrappiness,2026-10-03,B0HL8D36BH,215.82,3,5,recvw6HCgN3Efq
Wrappiness,2026-10-03,B0HJ78BPWB,196.71,3,3,recvtb0IKLYQ68
Wrappiness,2026-10-03,B0HKJGW3D7,186.64,2,4,recvv9NpnJka9w
Wrappiness,2026-10-03,B0HGFHWJWZ,170.79,1,5,recvhiN9uTnyxr
Wrappiness,2026-10-03,B0HK3K2WH1,169.7,1,5,recvvmN5hgGraG
Wrappiness,2026-10-03,B0HFJ3HLL6,166.72,4,4,recuZ1sewpZGMr
Wrappiness,2026-10-03,B0FHGPKLLJ,165.22,5,5,recuPXCGKZbnhb
Wrappiness,2026-10-03,B0HGWK6FXB,161.35,2,4,recvti1DKOxzbP
Wrappiness,2026-10-03,B0HG16B7WJ,154.91,1,1,recvrkr5bqtlFO
Wrappiness,2026-10-03,B0HKVXDL8G,153.29,1,5,recv3amOdZN1NQ
Wrappiness,2026-10-03,B0H6PDGRF6,147.84,3,3,recvmANrKK6gSU
Wrappiness,2026-10-03,B0HFJWK8JM,147.31,1,4,recvqF8DQ1ZMtx
Wrappiness,2026-10-03,B0HJTHJCMQ,142.77,3,5,recvueOUJFggAx
Wrappiness,2026-10-03,B0HG8XWZ3H,136.88,3,3,recvsNnLcl1kgk
Wrappiness,2026-10-03,B0HJR9J76R,132.78,4,4,recvcdat6lkqFm
Wrappiness,2026-10-03,B0HG559ZCQ,130.79,1,5,recvq9YGagFJry
Wrappiness,2026-10-03,B0HLPDTHKS,129.83,1,4,recvwuy4VOgVkZ
Wrappiness,2026-10-03,B0HLPH3PGL,125.82,1,1,recvwuy4VOgVkZ
Wrappiness,2026-10-03,B0HJ81WLGJ,122.89,2,2,recvtb0ICCxz1a
Wrappiness,2026-10-03,B0HCYQHZGS,119.8,4,4,recvqDJVQiAyzi
Wrappiness,2026-10-03,B0HF88M18Y,115.85,2,3,recvseGWMKOV2V
Wrappiness,2026-10-03,B0G3VVFFBW,114.89,2,2,recuZ1sewpZGMr
Wrappiness,2026-10-03,B0HHRDRQTF,113.88,3,3,recvs2y99fznJf
Wrappiness,2026-10-03,B0DLSGG7VN,111.89,2,2,recusKyhEojGm9
Wrappiness,2026-10-03,B0DLJV7VG9,110.92,1,1,recurlHfrPhxPw
Wrappiness,2026-10-03,B0H8XSVDD2,110.92,1,1,recv2ohvkNl4G6
Wrappiness,2026-10-03,B0HK3SBCHV,110.87,1,3,recvvfLrMWyGPp
Wrappiness,2026-10-03,B0HKVGPTD1,110.84,1,3,recvvgNrMUiW4M
Wrappiness,2026-10-03,B0H9L4VG1N,103.9,2,2,recvmYEvmpz7cR
Wrappiness,2026-10-03,B0HJZBRZVM,97.82,3,3,recvcdat6lkqFm
Wrappiness,2026-10-03,B0GVGZHZLB,89.89,2,3,recvds5RceDtrR
Wrappiness,2026-10-03,B0HFJJ5DRY,87.74,2,3,recv2k6TXPS5Hm
Wrappiness,2026-10-03,B0HHQ9LF57,84.88,3,3,recvq9YGagFJry
Wrappiness,2026-10-03,B0HLCZHZSD,83.95,1,2,recvw6HBu1amWV
Wrappiness,2026-10-03,B0FTFN8MFN,83.94,1,1,recuXeBiEGeRQ6
Wrappiness,2026-10-03,B0FTZB99W4,83.93,1,2,recuTCMlTx8cMd
Wrappiness,2026-10-03,B0HKVN4QGW,81.94,1,1,recvvb7DpwVE8O
Wrappiness,2026-10-03,B0H9LCBXM9,81.9,2,2,recvmYEvmpz7cR
Wrappiness,2026-10-03,B0HJGTZQ1R,80.87,1,4,recvuAuNgmcEEf
Wrappiness,2026-10-03,B0H2DQNK1K,79.91,1,2,recvjmNBDmRFjF
Wrappiness,2026-10-03,B0G1SNQ3RD,78.91,1,2,recv1EUjqPJRRZ
Wrappiness,2026-10-03,B0HCB4MMP2,77.9,2,2,recvoijef0yoiN
Wrappiness,2026-10-03,B0HG59QQM5,77.9,1,3,recvsNvDHCI3Hr
Wrappiness,2026-10-03,B0FZQKLYLD,76.91,1,2,recv0x7wfvGiNq
Wrappiness,2026-10-03,B0H9KMRC3K,73.9,2,2,recvoLph7X7tEt
Wrappiness,2026-10-03,B0HJ4T5Y6D,71.93,1,2,recvtu8mIOjUYj
Wrappiness,2026-10-03,B0HFJS5JXH,71.4,1,1,recv1EUjqPJRRZ
Wrappiness,2026-10-03,B0FVXSZZNJ,70.93,1,1,recuX8mRNSYXiL
Wrappiness,2026-10-03,B0HJZPY4W6,69.91,1,2,recvuiVbp7CvJ8
Wrappiness,2026-10-03,B0DYT3B4ST,69.89,1,2,recuBTIDvLS7rg
Wrappiness,2026-10-03,B0GZV6GKGH,69.88,2,2,recuPXCGKZbnhb
Wrappiness,2026-10-03,B0HLCXGDCW,67.96,2,2,recvw6HyF0jpNr
Wrappiness,2026-10-03,B0HJCMX16M,67.92,2,2,recvudg0uDgN42
Wrappiness,2026-10-03,B0FFMDPPQB,66.96,1,1,
Wrappiness,2026-10-03,B0HJQRB3G5,65.93,1,2,recvuHaiE10sg6
Wrappiness,2026-10-03,B0GQXJPFLK,64.9,2,2,recv4RM5dQq4in
Wrappiness,2026-10-03,B0H7M8JW92,63.94,1,1,recvmjZj1sPm8g
Wrappiness,2026-10-03,B0GVFCPXTR,63.84,2,2,recvcoLzRhLZle
Wrappiness,2026-10-03,B0HJ7W5PCL,62.93,1,1,recvtb0I1UwkBU
Wrappiness,2026-10-03,B0HFZNT9B9,62.9,2,2,recvnskqj75yXo
Wrappiness,2026-10-03,B0H93ZLV61,62.89,1,2,recvmGyZ2XTiyr
Wrappiness,2026-10-03,B0HKRTCXL9,62.53,1,1,recvvx4XUAvQvn
Wrappiness,2026-10-03,B0HJTW195D,61.95,1,1,recvuGCTeOzrAv
Wrappiness,2026-10-03,B0HJZWX9NR,61.95,1,1,recvuJ2b1VXTG2
Wrappiness,2026-10-03,B0HK6MNZRG,61.95,1,1,recvv9wREHfA9i
Wrappiness,2026-10-03,B0G3VNBL9F,60.95,1,4,recv2cHKqK50yU
Wrappiness,2026-10-03,B0HHN8DKKK,59.94,1,1,recvtb0HyimbLV
Wrappiness,2026-10-03,B0HDYVKDVY,58.95,1,1,recuGwcISoveCM
Wrappiness,2026-10-03,B0HG9QGBS3,58.91,2,2,recvpjFdwQaoyG
Wrappiness,2026-10-03,B0HL7XTMZX,58.9,2,2,recvvWoGHDAG6L
Wrappiness,2026-10-03,B0G2RWV7L2,57.91,1,2,recv0pI2CT0N3S
Wrappiness,2026-10-03,B0HDRTRZGC,56.83,1,1,recv28N2wHbwKg
Wrappiness,2026-10-03,B0DNRZ3VBZ,56.75,1,4,recutMnjJE9XrB
Wrappiness,2026-10-03,B0HC22XGV8,55.95,1,1,recvpYQTLA2w3j
Wrappiness,2026-10-03,B0HHNJ4MVJ,55.95,1,2,recvoJQTvzxtFo
Wrappiness,2026-10-03,B0HJQS9D1N,55.95,1,1,recvuC6nzV5Vff
Wrappiness,2026-10-03,B0HHRHVRCG,55.92,2,2,recvq9YMHqDe7Q
Wrappiness,2026-10-03,B0F1XPZ1JX,54.96,3,3,recuFKTU8Uuy44
Wrappiness,2026-10-03,B0HGX3DC5X,54.94,1,1,recvtcMX6ykL4A
Wrappiness,2026-10-03,B0HJGZZHD7,52.95,1,1,recvsUz4a91Dib
Wrappiness,2026-10-03,B0HLB29KK7,51.96,1,1,recvuRZddTJiD5
Wrappiness,2026-10-03,B0HB99F975,51.95,1,1,recvnUFLIXbpJO
Wrappiness,2026-10-03,B0HKVNVYDR,50.96,1,1,recvvOsE5zS1XO
Wrappiness,2026-10-03,B0HFJLB5Z7,50.95,1,1,recvs970VAR7id
Wrappiness,2026-10-03,B0HJ1HSS2X,50.91,1,2,recvsDxMTYoVDh
Wrappiness,2026-10-03,B0H1LHX1Z1,49.95,1,1,recvjmINx11w0F
Wrappiness,2026-10-03,B0F21188XN,48.96,1,1,recuD1qEVG5QtQ
Wrappiness,2026-10-03,B0DF2VKFXM,48.95,1,1,recufghxLzESVZ
Wrappiness,2026-10-03,B0G2L9PSZ2,46.93,1,1,recv2iHIO78Tfu
Wrappiness,2026-10-03,B0HJZS77K3,45.93,1,2,recvvbGVFDyPAa
Wrappiness,2026-10-03,B0FJ1MTH74,45.92,1,1,
Wrappiness,2026-10-03,B0FTZ7W9TG,44.96,1,1,recuVNrjVgQrFg
Wrappiness,2026-10-03,B0HC323YKK,44.93,2,2,recuSSeUhBxzB0
Wrappiness,2026-10-03,B0HKJLLFFT,44.91,1,2,recvvfyIJ3zgmA
Wrappiness,2026-10-03,B0F6N25S8H,43.96,1,1,recuIYpJDg08tc
Wrappiness,2026-10-03,B0GS5VZ5H4,43.92,1,1,
Wrappiness,2026-10-03,B0HL83M3GN,42.97,1,1,recvw6MfcEbCtH
Wrappiness,2026-10-03,B0GLFWBH2W,41.94,1,1,recv7oNkBHLzxO
Wrappiness,2026-10-03,B0H4F3CH6Z,41.94,1,1,recvkCUIFcck1G
Wrappiness,2026-10-03,B0HCN7VNSK,40.94,1,1,recvkCUIFcck1G
Wrappiness,2026-10-03,B0F5W11J19,39.97,1,1,recuFS9Ea7rE9P
Wrappiness,2026-10-03,B0FSKJ38M2,39.97,1,1,recuWVdql5TG8j
Wrappiness,2026-10-03,B0H1MRG2LF,39.92,1,1,recvdC7av8GN0N
Wrappiness,2026-10-03,B0HJQHPB7S,38.96,1,1,recvs2y99fznJf
Wrappiness,2026-10-03,B0H8RKX3FQ,37.96,1,1,recvo0ZmAOJPBO
Wrappiness,2026-10-03,B0HG9R9CS5,37.96,1,1,recvrdxLuuSjYy
Wrappiness,2026-10-03,B0HC38MLPQ,37.95,1,1,recvq5PpZBxyHX
Wrappiness,2026-10-03,B0FH4WMMH4,36.97,1,1,recuPM1sBAKGrD
Wrappiness,2026-10-03,B0G5PDCWCB,36.94,1,1,recv4nsH2GIrt1
Wrappiness,2026-10-03,B0H1C6M5DQ,36.94,1,1,recviNI3TlfjKR
Wrappiness,2026-10-03,B0DR8FS4W5,35.97,1,1,recuwHyg1NbXKk
Wrappiness,2026-10-03,B0DT3DKVFB,35.97,1,1,recuxFjtPvdRYS
Wrappiness,2026-10-03,B0FJ8P6FXW,35.96,1,1,recuPWJJm5Uhy3
Wrappiness,2026-10-03,B0GXVHTXJ8,35.96,1,1,recvgnxL8Wkpdp
Wrappiness,2026-10-03,B0HJ1HP9SQ,35.96,1,1,recvs4NGxbjKrA
Wrappiness,2026-10-03,B0HJRTRCKY,35.94,1,1,recvuTDhH43FZs
Wrappiness,2026-10-03,B0FTS3MFKV,34.97,1,1,recuXGpigUp5SI
Wrappiness,2026-10-03,B0G8Y6LR3N,34.96,1,1,recuUWo8EZ60YM
Wrappiness,2026-10-03,B0HGFGM9WT,34.95,1,1,recvoEy9PwUSDB
Wrappiness,2026-10-03,B0F28RQLVS,34.9,2,2,recuFLCnIlCBIH
Wrappiness,2026-10-03,B0H93S35H4,34.45,1,1,recvmGyZ2XTiyr
Wrappiness,2026-10-03,B0HFN95DZ5,33.95,1,1,recvrjJAoohv3i
Wrappiness,2026-10-03,B0FHGRW733,33.94,1,1,recuPXCGKZbnhb
Wrappiness,2026-10-03,B0H5C6QV2Z,33.94,1,1,recvkSBZMQy04T
Wrappiness,2026-10-03,B0HGBKL5XL,33.94,1,1,recvsV9jL9HBGT
Wrappiness,2026-10-03,B0FXWZY2ND,33.92,1,1,recuOiPKe54aWS
Wrappiness,2026-10-03,B0HDRTPHT4,32.94,1,1,recuZ1sewpZGMr
Wrappiness,2026-10-03,B0HFW5XCPN,32.9,1,1,recvrSItVoaWGk
Wrappiness,2026-10-03,B0GCM3M1FL,32.14,1,1,recv53vVmmN9D8
Wrappiness,2026-10-03,B0DPH24MLN,31.97,1,1,recutTsmW4XYvK
Wrappiness,2026-10-03,B0DR18TKSV,31.97,1,1,recuv7MKbgpZ2q
Wrappiness,2026-10-03,B0FYNST3LH,31.97,1,1,recuYmm24rt7Hr
Wrappiness,2026-10-03,B0FX2C1K8F,31.96,1,1,recurUHJByrGYH
Wrappiness,2026-10-03,B0HG93KFT1,31.96,1,1,recvdkouEKevnG
Wrappiness,2026-10-03,B0HGF4GGB9,31.96,1,1,recvsP6GUr34DT
Wrappiness,2026-10-03,B0HGFNYFD7,31.96,1,1,recvhjxzwgWaM
Wrappiness,2026-10-03,B0HGLM95X7,31.96,1,1,recvsOfOGWcSWS
Wrappiness,2026-10-03,B0HJ1JZ2RJ,31.95,1,1,recvnfjEeJbiQs
Wrappiness,2026-10-03,B0HKHW4SQZ,31.94,1,1,recvuOomXUuynx
Wrappiness,2026-10-03,B0FK4R13KN,31.47,1,1,recuQU9Z4dzOnn
Wrappiness,2026-10-03,B0HGM2CY1V,30.96,1,1,recvtbzY84lpwe
Wrappiness,2026-10-03,B0HL8KR2S8,30.96,1,1,recvvgNyVQdKex
Wrappiness,2026-10-03,B0HCYLTGBX,30.43,1,1,recvrcCT5L38Lp
Wrappiness,2026-10-03,B0GLGTV9YX,29.97,1,1,recv4Xs1X2nWze
Wrappiness,2026-10-03,B0HHMPJT83,29.97,1,1,recvrSxLOnCSYI
Wrappiness,2026-10-03,B0GVJJWR6G,29.96,1,1,recve5nfEoCXAx
Wrappiness,2026-10-03,B0HLPF6M3J,29.96,1,1,recvwzhpQYmpxV
Wrappiness,2026-10-03,B0DQG3S72C,29.95,1,1,recutMElzifnoE
Wrappiness,2026-10-03,B0HKRJHH4V,29.95,1,1,recvvOxcMZvGIp
Wrappiness,2026-10-03,B0GVRHFYHZ,28.96,1,1,recv3EncDl4UbJ
Wrappiness,2026-10-03,B0HFSCPCQV,28.96,1,1,recurwyIMsrgee
Wrappiness,2026-10-03,B0HKHQRNSQ,28.95,1,1,recvvleNMB8cgL
Wrappiness,2026-10-03,B0GGX3P94R,28.92,1,1,recv7oB50rG0x6
Wrappiness,2026-10-03,B0DRJ127Q9,27.97,1,1,recuwIjFeZP7kO
Wrappiness,2026-10-03,B0H82Y9RL2,27.46,1,1,recvnskqj75yXo
Wrappiness,2026-10-03,B0FT27CJJV,25.97,1,1,recuXHAivQo2K6
Wrappiness,2026-10-03,B0FVXX28QY,25.97,1,1,recuX2LbtxZzT4
Wrappiness,2026-10-03,B0HJWCTFTV,25.97,1,1,recvuSyA1s3JJV
Wrappiness,2026-10-03,B0HKYW2GQS,25.96,1,1,recvvlJG8cWtZ7
Wrappiness,2026-10-03,B0DNDNDJR7,25.95,1,1,recutj4q9WCoBI
Wrappiness,2026-10-03,B0G588JR2M,25.95,1,1,recv2ohvkNl4G6
Wrappiness,2026-10-03,B0HJ4V4PVL,25.95,1,1,recvsHW7O2KxB6
Wrappiness,2026-10-03,B0HLD5Q6MF,25.95,1,1,recvw62k2CXEgj
Wrappiness,2026-10-03,B0G34K9MTH,24.96,1,1,recv2dfiF4x7GV
Wrappiness,2026-10-03,B0HFJTVS8P,24.96,1,1,recvobeb2HISQi
Wrappiness,2026-10-03,B0FVXT4QK7,21.96,1,1,recuX8mRNSYXiL
Wrappiness,2026-10-03,B0FGD9TNHJ,19.98,1,1,recujpiSeUM1xG
Wrappiness,2026-10-03,B0HCNV393Q,19.98,1,1,recvnX2vDRlTJt
